date,source,post_url,repo_views,stars,clones,notes
2026-09-29,readme-install-link,https://github.com/phinn/KinetAios,,9,330,基线:9★/3F;14d views=197/54u;clones=1649/330u
2026-09-29,dm-m1 njbrake(agent-of-empires),,,9,,DM草稿见SPRINT文档§6 发出后填
2026-09-29,dm-m2 stravu(Nimbalyst),,,9,,
2026-09-29,dm-m3 therealarthur(myrlin),,,9,,
2026-09-30,x-r1 greg/teej/alexmrv回访,,,,
2026-09-30,devto-1 benchmark横评文,,,,
2026-10-01,juejin-1 中文benchmark文,,,,
2026-10-02,reddit-1 r/selfhosted试探,,,,
2026-10-03,x-2 benchmark thread,,,,
2026-10-04,devto-2 四引擎同窗文,,,,
2026-10-06,dirs-1 Uneed,,,,
2026-10-07,juejin-2 V2架构解析,,,,
2026-10-08,hn-1 Show HN准备,,,,
2026-10-09,dm-2 第二批DM,,,,
2026-10-10,devto-3 SQLite长期记忆深潜,,,,
2026-10-11,reddit-2 r/programming试水,,,,
2026-10-12,review 14d复盘,,,,
